epoch,train_loss,val_mrr
1,2.594238676596433,0.6272875945336147
2,2.3232863133307546,0.6515924409961991
3,2.17966076801531,0.6587955164960531
